COG	Cat
COG0430	A
COG1949	A
COG4085	A
COG5180	A
COG5186	A
COG2036	B
COG5531	B
COG0022	C
COG0039	C
COG0045	C
COG0055	C
COG0056	C
COG0074	C
COG0114	C
COG0221	C
COG0224	C
COG0240	C
COG0243	C
COG0247	C
COG0277	C
COG0280	C
COG0281	C
COG0282	C
COG0348	C
COG0355	C
COG0356	C
COG0371	C
COG0372	C
COG0374	C
COG0377	C
COG0401	C
COG0426	C
COG0427	C
COG0431	C
COG0435	C
COG0437	C
COG0479	C
COG0508	C
COG0538	C
COG0546	C
COG0554	C
COG0567	C
COG0578	C
COG0633	C
COG0636	C
COG0644	C
COG0649	C
COG0650	C
COG0655	C
COG0674	C
COG0680	C
COG0711	C
COG0712	C
COG0713	C
COG0716	C
COG0723	C
COG0778	C
COG0838	C
COG0839	C
COG0843	C
COG0852	C
COG1005	C
COG1007	C
COG1008	C
COG1009	C
COG1013	C
COG1014	C
COG1017	C
COG1018	C
COG1029	C
COG1034	C
COG1035	C
COG1036	C
COG1038	C
COG1042	C
COG1048	C
COG1049	C
COG1053	C
COG1062	C
COG1071	C
COG1139	C
COG1141	C
COG1142	C
COG1143	C
COG1144	C
COG1145	C
COG1148	C
COG1150	C
COG1151	C
COG1152	C
COG1153	C
COG1155	C
COG1156	C
COG1182	C
COG1227	C
COG1229	C
COG1249	C
COG1251	C
COG1252	C
COG1254	C
COG1269	C
COG1271	C
COG1274	C
COG1282	C
COG1290	C
COG1294	C
COG1301	C
COG1319	C
COG1347	C
COG1359	C
COG1390	C
COG1394	C
COG1436	C
COG1454	C
COG1456	C
COG1526	C
COG1527	C
COG1529	C
COG1556	C
COG1584	C
COG1592	C
COG1614	C
COG1620	C
COG1622	C
COG1625	C
COG1726	C
COG1740	C
COG1757	C
COG1795	C
COG1805	C
COG1838	C
COG1845	C
COG1853	C
COG1866	C
COG1880	C
COG1882	C
COG1883	C
COG1894	C
COG1902	C
COG1905	C
COG1908	C
COG1927	C
COG1941	C
COG1951	C
COG1969	C
COG1979	C
COG2009	C
COG2010	C
COG2013	C
COG2025	C
COG2033	C
COG2037	C
COG2041	C
COG2048	C
COG2055	C
COG2069	C
COG2080	C
COG2086	C
COG2142	C
COG2191	C
COG2209	C
COG2210	C
COG2218	C
COG2224	C
COG2225	C
COG2326	C
COG2352	C
COG2414	C
COG2421	C
COG2440	C
COG2609	C
COG2717	C
COG2764	C
COG2811	C
COG2828	C
COG2838	C
COG2851	C
COG2857	C
COG2863	C
COG2864	C
COG2869	C
COG2871	C
COG2878	C
COG2993	C
COG3002	C
COG3005	C
COG3029	C
COG3038	C
COG3051	C
COG3052	C
COG3053	C
COG3069	C
COG3080	C
COG3125	C
COG3181	C
COG3202	C
COG3241	C
COG3245	C
COG3259	C
COG3260	C
COG3261	C
COG3262	C
COG3278	C
COG3288	C
COG3302	C
COG3312	C
COG3329	C
COG3411	C
COG3426	C
COG3427	C
COG3474	C
COG3493	C
COG3630	C
COG3658	C
COG3761	C
COG3783	C
COG3794	C
COG3808	C
COG3909	C
COG4035	C
COG4036	C
COG4037	C
COG4038	C
COG4039	C
COG4040	C
COG4041	C
COG4042	C
COG4074	C
COG4078	C
COG4084	C
COG4106	C
COG4147	C
COG4221	C
COG4231	C
COG4237	C
COG4459	C
COG4624	C
COG4654	C
COG4656	C
COG4657	C
COG4658	C
COG4659	C
COG4660	C
COG4736	C
COG4802	C
COG5012	C
COG5016	C
COG5336	C
COG5474	C
COG5557	C
COG5605	C
COG5609	C
COG5671	C
COG5672	C
COG5673	C
COG5674	C
COG5675	C
COG5676	C
COG5677	C
COG5678	C
COG5679	C
COG5680	C
COG5681	C
COG5682	C
COG5683	C
COG5684	C
COG5685	C
COG5686	C
COG5687	C
COG5688	C
COG5689	C
COG5690	C
COG5691	C
COG5692	C
COG5693	C
COG5694	C
COG5695	C
COG5696	C
COG5701	C
COG5702	C
COG5703	C
COG5704	C
COG5705	C
COG5706	C
COG5707	C
COG5708	C
COG5709	C
COG5710	C
COG5711	C
COG5712	C
COG5713	C
COG5714	C
COG5715	C
COG5716	C
COG5717	C
COG5718	C
COG5719	C
COG5720	C
COG5721	C
COG5722	C
COG5723	C
COG5724	C
COG5725	C
COG5726	C
COG5727	C
COG5728	C
COG5729	C
COG5730	C
COG5731	C
COG5732	C
COG5733	C
COG5734	C
COG5735	C
COG5736	C
COG5737	C
COG5738	C
COG5739	C
COG5740	C
COG5741	C
COG5742	C
COG5743	C
COG5744	C
COG5745	C
COG5756	C
COG5757	C
COG5760	C
COG5761	C
COG5762	C
COG5763	C
COG5765	C
COG5766	C
COG5767	C
COG5769	C
COG5770	C
COG5771	C
COG5772	C
COG5773	C
COG5775	C
COG5776	C
COG5777	C
COG5778	C
COG5779	C
COG5782	C
COG5783	C
COG5784	C
COG5785	C
COG5786	C
COG5787	C
COG5789	C
COG5790	C
COG5791	C
COG0473	C E
COG1966	C E
COG0543	C H
COG0654	C H
COG1052	C H R
COG5274	C I
COG1304	C I R
COG0651	C P
COG1140	C P
COG1668	C P
COG2181	C P
COG3004	C P
COG3043	C P
COG3067	C P
COG3263	C P
COG4555	C P
COG5013	C P
COG4576	C Q
COG4577	C Q
COG0604	C R
COG0206	D
COG0218	D
COG0489	D
COG0772	D
COG0849	D
COG0850	D
COG0851	D
COG1196	D
COG1300	D
COG1426	D
COG1475	D
COG1485	D
COG1589	D
COG1674	D
COG1729	D
COG1799	D
COG2177	D
COG2450	D
COG2719	D
COG2848	D
COG2884	D
COG2894	D
COG2917	D
COG2919	D
COG3006	D
COG3027	D
COG3061	D
COG3074	D
COG3087	D
COG3095	D
COG3096	D
COG3105	D
COG3115	D
COG3116	D
COG3147	D
COG3266	D
COG3599	D
COG3660	D
COG3827	D
COG3854	D
COG3858	D
COG4326	D
COG4477	D
COG4582	D
COG4641	D
COG4839	D
COG4942	D
COG5185	D
COG5279	D
COG5401	D
COG5404	D
COG5491	D
COG5816	D
COG5817	D
COG5819	D
COG5820	D
COG5821	D
COG5822	D
COG5823	D
COG5824	D
COG5825	D
COG5826	D
COG5827	D
COG5828	D
COG5829	D
COG5831	D
COG5833	D
COG5838	D
COG5841	D
COG5844	D
COG5846	D
COG5847	D
COG5852	D
COG5853	D
COG5854	D
COG5855	D
COG5856	D
COG5857	D
COG5858	D
COG5859	D
COG5860	D
COG5861	D
COG5862	D
COG5863	D
COG5864	D
COG5868	D
COG5869	D
COG5871	D
COG5872	D
COG5873	D
COG5874	D
COG5875	D
COG5878	D
COG5879	D
COG5880	D
COG5881	D
COG5882	D
COG5883	D
COG5884	D
COG5885	D
COG5886	D
COG5887	D
COG5888	D
COG5889	D
COG5890	D
COG5891	D
COG5892	D
COG5893	D
COG5894	D
COG5895	D
COG5896	D
COG5897	D
COG5898	D
COG5899	D
COG5900	D
COG5901	D
COG5902	D
COG5903	D
COG5904	D
COG5906	D
COG5907	D
COG5908	D
COG5909	D
COG5910	D
COG5911	D
COG5912	D
COG5914	D
COG5915	D
COG5916	D
COG5917	D
COG5918	D
COG5919	D
COG5920	D
COG5921	D
COG5922	D
COG5923	D
COG5924	D
COG5925	D
COG5926	D
COG3314	D E
COG5834	D E
COG5835	D E
COG5836	D E
COG5837	D E
COG5839	D E
COG5840	D E
COG5842	D E
COG5843	D E
COG0535	D H
COG2755	D I
COG0768	D M
COG3773	D M
COG2132	D M P
COG0455	D N
COG1192	D N
COG5832	D O
COG5866	D O
COG0239	D P
COG2340	D R
COG5801	D T
COG5802	D T
COG5803	D T
COG5804	D T
COG5805	D T
COG5806	D T
COG5807	D T
COG5808	D T
COG5809	D T
COG5810	D T
COG5815	D T
COG5848	D T
COG5849	D T
COG5867	D T
COG0464	D T M
COG1077	D Z
COG1792	D Z
COG5184	D Z
COG0002	E
COG0006	E
COG0010	E
COG0014	E
COG0019	E
COG0031	E
COG0040	E
COG0065	E
COG0066	E
COG0067	E
COG0069	E
COG0070	E
COG0076	E
COG0077	E
COG0078	E
COG0079	E
COG0082	E
COG0083	E
COG0106	E
COG0107	E
COG0112	E
COG0118	E
COG0119	E
COG0128	E
COG0131	E
COG0133	E
COG0134	E
COG0135	E
COG0136	E
COG0137	E
COG0139	E
COG0140	E
COG0141	E
COG0159	E
COG0160	E
COG0165	E
COG0169	E
COG0174	E
COG0182	E
COG0241	E
COG0253	E
COG0260	E
COG0263	E
COG0287	E
COG0289	E
COG0308	E
COG0334	E
COG0337	E
COG0345	E
COG0367	E
COG0403	E
COG0404	E
COG0405	E
COG0410	E
COG0411	E
COG0421	E
COG0436	E
COG0440	E
COG0460	E
COG0498	E
COG0506	E
COG0509	E
COG0520	E
COG0527	E
COG0531	E
COG0547	E
COG0548	E
COG0549	E
COG0559	E
COG0560	E
COG0591	E
COG0620	E
COG0624	E
COG0626	E
COG0646	E
COG0665	E
COG0683	E
COG0685	E
COG0686	E
COG0687	E
COG0703	E
COG0709	E
COG0710	E
COG0722	E
COG0747	E
COG0754	E
COG0757	E
COG0765	E
COG0786	E
COG0804	E
COG0814	E
COG0831	E
COG0832	E
COG0833	E
COG1003	E
COG1027	E
COG1045	E
COG1104	E
COG1113	E
COG1114	E
COG1115	E
COG1125	E
COG1126	E
COG1135	E
COG1164	E
COG1166	E
COG1171	E
COG1174	E
COG1176	E
COG1177	E
COG1231	E
COG1246	E
COG1247	E
COG1279	E
COG1280	E
COG1296	E
COG1350	E
COG1362	E
COG1364	E
COG1410	E
COG1446	E
COG1448	E
COG1465	E
COG1505	E
COG1506	E
COG1509	E
COG1540	E
COG1586	E
COG1605	E
COG1685	E
COG1687	E
COG1712	E
COG1748	E
COG1760	E
COG1770	E
COG1791	E
COG1823	E
COG1834	E
COG1878	E
COG1897	E
COG1900	E
COG1945	E
COG1982	E
COG1984	E
COG2008	E
COG2011	E
COG2021	E
COG2040	E
COG2049	E
COG2056	E
COG2066	E
COG2071	E
COG2095	E
COG2105	E
COG2113	E
COG2171	E
COG2195	E
COG2232	E
COG2235	E
COG2309	E
COG2362	E
COG2423	E
COG2431	E
COG2502	E
COG2515	E
COG2716	E
COG2873	E
COG2876	E
COG2902	E
COG2939	E
COG2957	E
COG2986	E
COG2987	E
COG2988	E
COG3033	E
COG3048	E
COG3075	E
COG3104	E
COG3138	E
COG3186	E
COG3191	E
COG3192	E
COG3200	E
COG3232	E
COG3340	E
COG3404	E
COG3457	E
COG3483	E
COG3579	E
COG3616	E
COG3633	E
COG3643	E
COG3681	E
COG3705	E
COG3724	E
COG3741	E
COG3799	E
COG3842	E
COG3844	E
COG3931	E
COG3938	E
COG3968	E
COG3977	E
COG3978	E
COG4091	E
COG4126	E
COG4160	E
COG4161	E
COG4166	E
COG4175	E
COG4176	E
COG4177	E
COG4187	E
COG4215	E
COG4229	E
COG4230	E
COG4302	E
COG4303	E
COG4311	E
COG4359	E
COG4392	E
COG4401	E
COG4413	E
COG4448	E
COG4583	E
COG4597	E
COG4598	E
COG4608	E
COG4690	E
COG4766	E
COG4810	E
COG4812	E
COG4816	E
COG4819	E
COG4820	E
COG4857	E
COG4865	E
COG4917	E
COG4992	E
COG5006	E
COG5630	E
COG0075	E F
COG0458	E F
COG0505	E F
COG0028	E H
COG0059	E H
COG0115	E H
COG0147	E H
COG0175	E H
COG0512	E H
COG1932	E H
COG0444	E P
COG0601	E P
COG1124	E P
COG1173	E P
COG2981	E P
COG0145	E Q
COG0146	E Q
COG1775	E Q
COG0493	E R
COG1063	E R
COG1168	E R
COG1387	E R
COG3185	E R
COG0005	F
COG0015	F
COG0026	F
COG0027	F
COG0034	F
COG0035	F
COG0041	F
COG0044	F
COG0046	F
COG0047	F
COG0062	F
COG0063	F
COG0104	F
COG0105	F
COG0125	F
COG0127	F
COG0138	F
COG0150	F
COG0151	F
COG0152	F
COG0167	F
COG0194	F
COG0207	F
COG0208	F
COG0209	F
COG0213	F
COG0232	F
COG0274	F
COG0283	F
COG0284	F
COG0295	F
COG0299	F
COG0418	F
COG0461	F
COG0462	F
COG0503	F
COG0504	F
COG0516	F
COG0518	F
COG0519	F
COG0528	F
COG0540	F
COG0563	F
COG0572	F
COG0613	F
COG0634	F
COG0647	F
COG0717	F
COG0788	F
COG0813	F
COG0856	F
COG1001	F
COG1051	F
COG1079	F
COG1102	F
COG1146	F
COG1328	F
COG1351	F
COG1428	F
COG1435	F
COG1457	F
COG1611	F
COG1618	F
COG1691	F
COG1759	F
COG1780	F
COG1781	F
COG1816	F
COG1828	F
COG1839	F
COG1864	F
COG1936	F
COG1957	F
COG1972	F
COG2019	F
COG2065	F
COG2131	F
COG2233	F
COG2252	F
COG2313	F
COG2351	F
COG2429	F
COG2759	F
COG2816	F
COG2820	F
COG3123	F
COG3194	F
COG3195	F
COG3199	F
COG3257	F
COG3363	F
COG3613	F
COG3845	F
COG4027	F
COG4266	F
COG4290	F
COG4317	F
COG4360	F
COG4502	F
COG4508	F
COG4603	F
COG4630	F
COG4631	F
COG4696	F
COG4741	F
COG4855	F
COG5042	F
COG5371	F
COG0775	F H
COG1953	F H
COG0369	F P
COG0402	F R
COG0537	F R
COG1896	F R
COG4119	F R
COG0021	G
COG0033	G
COG0036	G
COG0057	G
COG0058	G
COG0120	G
COG0126	G
COG0148	G
COG0149	G
COG0153	G
COG0158	G
COG0166	G
COG0176	G
COG0191	G
COG0205	G
COG0246	G
COG0269	G
COG0279	G
COG0296	G
COG0297	G
COG0362	G
COG0363	G
COG0364	G
COG0366	G
COG0380	G
COG0383	G
COG0395	G
COG0406	G
COG0448	G
COG0469	G
COG0471	G
COG0483	G
COG0524	G
COG0574	G
COG0579	G
COG0580	G
COG0588	G
COG0637	G
COG0662	G
COG0676	G
COG0696	G
COG0698	G
COG0738	G
COG0800	G
COG0837	G
COG1015	G
COG1023	G
COG1064	G
COG1069	G
COG1070	G
COG1080	G
COG1082	G
COG1085	G
COG1105	G
COG1109	G
COG1129	G
COG1134	G
COG1172	G
COG1175	G
COG1216	G
COG1263	G
COG1264	G
COG1299	G
COG1312	G
COG1440	G
COG1445	G
COG1447	G
COG1449	G
COG1455	G
COG1472	G
COG1482	G
COG1486	G
COG1494	G
COG1501	G
COG1523	G
COG1543	G
COG1554	G
COG1593	G
COG1621	G
COG1626	G
COG1638	G
COG1640	G
COG1653	G
COG1682	G
COG1803	G
COG1819	G
COG1820	G
COG1830	G
COG1850	G
COG1869	G
COG1874	G
COG1877	G
COG1879	G
COG1892	G
COG1904	G
COG1929	G
COG1980	G
COG2017	G
COG2079	G
COG2115	G
COG2120	G
COG2133	G
COG2140	G
COG2152	G
COG2159	G
COG2160	G
COG2182	G
COG2190	G
COG2211	G
COG2213	G
COG2220	G
COG2271	G
COG2273	G
COG2301	G
COG2342	G
COG2376	G
COG2379	G
COG2407	G
COG2513	G
COG2610	G
COG2704	G
COG2706	G
COG2721	G
COG2723	G
COG2730	G
COG2731	G
COG2814	G
COG2861	G
COG2893	G
COG2942	G
COG2971	G
COG3001	G
COG3010	G
COG3037	G
COG3090	G
COG3179	G
COG3250	G
COG3265	G
COG3280	G
COG3281	G
COG3325	G
COG3345	G
COG3347	G
COG3386	G
COG3387	G
COG3394	G
COG3395	G
COG3405	G
COG3408	G
COG3414	G
COG3429	G
COG3444	G
COG3459	G
COG3469	G
COG3507	G
COG3509	G
COG3525	G
COG3533	G
COG3534	G
COG3537	G
COG3588	G
COG3594	G
COG3622	G
COG3623	G
COG3635	G
COG3661	G
COG3664	G
COG3669	G
COG3693	G
COG3709	G
COG3715	G
COG3716	G
COG3717	G
COG3718	G
COG3730	G
COG3731	G
COG3732	G
COG3734	G
COG3769	G
COG3775	G
COG3822	G
COG3833	G
COG3836	G
COG3839	G
COG3855	G
COG3866	G
COG3867	G
COG3868	G
COG3892	G
COG3934	G
COG3936	G
COG3940	G
COG3954	G
COG3957	G
COG3958	G
COG3959	G
COG3962	G
COG3979	G
COG4095	G
COG4124	G
COG4130	G
COG4154	G
COG4193	G
COG4209	G
COG4211	G
COG4213	G
COG4214	G
COG4225	G
COG4284	G
COG4451	G
COG4468	G
COG4573	G
COG4580	G
COG4632	G
COG4668	G
COG4724	G
COG4806	G
COG4809	G
COG4813	G
COG4833	G
COG4975	G
COG4993	G
COG5017	G
COG5026	G
COG5263	G
COG5297	G
COG5309	G
COG5368	G
COG5434	G
COG5498	G
COG5521	G
COG5542	G
COG0129	G E
COG0235	G E
COG1363	G E
COG0477	G E P R
COG0697	G E R
COG0391	G H
COG1635	G H
COG1840	G H
COG3961	G H R
COG2074	G I
COG4677	G I
COG3684	G P
COG0001	H
COG0007	H
COG0011	H
COG0029	H
COG0043	H
COG0054	H
COG0061	H
COG0095	H
COG0108	H
COG0111	H
COG0113	H
COG0117	H
COG0132	H
COG0142	H
COG0156	H
COG0157	H
COG0161	H
COG0163	H
COG0171	H
COG0181	H
COG0190	H
COG0192	H
COG0196	H
COG0212	H
COG0214	H
COG0237	H
COG0259	H
COG0262	H
COG0276	H
COG0285	H
COG0294	H
COG0302	H
COG0303	H
COG0307	H
COG0311	H
COG0314	H
COG0315	H
COG0320	H
COG0321	H
COG0325	H
COG0327	H
COG0340	H
COG0351	H
COG0352	H
COG0368	H
COG0373	H
COG0379	H
COG0382	H
COG0407	H
COG0408	H
COG0413	H
COG0414	H
COG0422	H
COG0432	H
COG0447	H
COG0452	H
COG0476	H
COG0499	H
COG0502	H
COG0510	H
COG0521	H
COG0602	H
COG0611	H
COG0619	H
COG0635	H
COG0669	H
COG0720	H
COG0746	H
COG0801	H
COG0807	H
COG0819	H
COG0853	H
COG0854	H
COG1010	H
COG1011	H
COG1019	H
COG1056	H
COG1057	H
COG1060	H
COG1072	H
COG1165	H
COG1232	H
COG1239	H
COG1240	H
COG1268	H
COG1270	H
COG1339	H
COG1402	H
COG1424	H
COG1427	H
COG1429	H
COG1441	H
COG1469	H
COG1478	H
COG1488	H
COG1492	H
COG1521	H
COG1539	H
COG1541	H
COG1546	H
COG1548	H
COG1564	H
COG1575	H
COG1587	H
COG1612	H
COG1634	H
COG1641	H
COG1648	H
COG1701	H
COG1731	H
COG1763	H
COG1767	H
COG1797	H
COG1809	H
COG1812	H
COG1821	H
COG1829	H
COG1865	H
COG1891	H
COG1893	H
COG1903	H
COG1907	H
COG1909	H
COG1920	H
COG1962	H
COG1964	H
COG1977	H
COG1981	H
COG1985	H
COG1995	H
COG2022	H
COG2038	H
COG2045	H
COG2054	H
COG2068	H
COG2073	H
COG2082	H
COG2087	H
COG2091	H
COG2096	H
COG2098	H
COG2099	H
COG2104	H
COG2107	H
COG2109	H
COG2138	H
COG2145	H
COG2154	H
COG2226	H
COG2227	H
COG2236	H
COG2240	H
COG2241	H
COG2242	H
COG2243	H
COG2266	H
COG2329	H
COG2510	H
COG2875	H
COG2896	H
COG2918	H
COG2941	H
COG2960	H
COG2978	H
COG3154	H
COG3161	H
COG3165	H
COG3172	H
COG3201	H
COG3252	H
COG3445	H
COG3572	H
COG3585	H
COG3601	H
COG3840	H
COG3859	H
COG4016	H
COG4017	H
COG4018	H
COG4019	H
COG4032	H
COG4054	H
COG4055	H
COG4056	H
COG4057	H
COG4058	H
COG4059	H
COG4060	H
COG4061	H
COG4062	H
COG4063	H
COG4064	H
COG4138	H
COG4139	H
COG4143	H
COG4145	H
COG4206	H
COG4218	H
COG4256	H
COG4547	H
COG4635	H
COG4720	H
COG4721	H
COG4732	H
COG4822	H
COG5031	H
COG5146	H
COG5398	H
COG5424	H
COG5590	H
COG5598	H
COG5746	H
COG5747	H
COG5748	H
COG5749	H
COG5753	H
COG5754	H
COG5755	H
COG5759	H
COG0109	H I
COG1154	H I
COG3697	H I
COG1120	H P
COG1348	H P
COG2710	H P
COG3253	H P
COG1169	H Q
COG0561	H R
COG0596	H R
COG0667	H R
COG1335	H R
COG2141	H R
COG0020	I
COG0183	I
COG0204	I
COG0236	I
COG0245	I
COG0318	I
COG0331	I
COG0332	I
COG0344	I
COG0365	I
COG0416	I
COG0439	I
COG0446	I
COG0511	I
COG0558	I
COG0575	I
COG0584	I
COG0623	I
COG0657	I
COG0671	I
COG0688	I
COG0736	I
COG0743	I
COG0761	I
COG0764	I
COG0777	I
COG0818	I
COG0821	I
COG0824	I
COG0825	I
COG1012	I
COG1022	I
COG1024	I
COG1028	I
COG1075	I
COG1183	I
COG1211	I
COG1213	I
COG1250	I
COG1257	I
COG1260	I
COG1267	I
COG1307	I
COG1398	I
COG1443	I
COG1502	I
COG1560	I
COG1562	I
COG1577	I
COG1607	I
COG1608	I
COG1646	I
COG1657	I
COG1679	I
COG1786	I
COG1788	I
COG1804	I
COG1884	I
COG1924	I
COG1946	I
COG1947	I
COG1960	I
COG1968	I
COG2030	I
COG2031	I
COG2057	I
COG2067	I
COG2084	I
COG2134	I
COG2185	I
COG2230	I
COG2246	I
COG2267	I
COG2272	I
COG2898	I
COG2930	I
COG2937	I
COG3000	I
COG3007	I
COG3124	I
COG3239	I
COG3240	I
COG3243	I
COG3255	I
COG3356	I
COG3407	I
COG3425	I
COG3475	I
COG3675	I
COG3777	I
COG3832	I
COG3882	I
COG3884	I
COG3890	I
COG3963	I
COG4247	I
COG4281	I
COG4395	I
COG4539	I
COG4553	I
COG4667	I
COG4670	I
COG4706	I
COG4770	I
COG4781	I
COG4799	I
COG4850	I
COG4894	I
COG4981	I
COG4982	I
COG5050	I
COG5083	I
COG5379	I
COG0304	I Q
COG3433	I Q
COG1597	I R
COG2303	I R
COG0008	J
COG0009	J
COG0012	J
COG0013	J
COG0016	J
COG0017	J
COG0018	J
COG0023	J
COG0024	J
COG0030	J
COG0037	J
COG0042	J
COG0048	J
COG0049	J
COG0050	J
COG0051	J
COG0052	J
COG0060	J
COG0064	J
COG0072	J
COG0073	J
COG0080	J
COG0081	J
COG0087	J
COG0088	J
COG0089	J
COG0090	J
COG0091	J
COG0092	J
COG0093	J
COG0094	J
COG0096	J
COG0097	J
COG0098	J
COG0099	J
COG0100	J
COG0101	J
COG0102	J
COG0103	J
COG0116	J
COG0124	J
COG0130	J
COG0143	J
COG0144	J
COG0154	J
COG0162	J
COG0172	J
COG0173	J
COG0180	J
COG0184	J
COG0185	J
COG0186	J
COG0193	J
COG0197	J
COG0198	J
COG0199	J
COG0200	J
COG0203	J
COG0211	J
COG0215	J
COG0216	J
COG0219	J
COG0220	J
COG0222	J
COG0223	J
COG0227	J
COG0228	J
COG0230	J
COG0231	J
COG0233	J
COG0238	J
COG0242	J
COG0244	J
COG0254	J
COG0255	J
COG0256	J
COG0257	J
COG0261	J
COG0264	J
COG0267	J
COG0268	J
COG0275	J
COG0290	J
COG0291	J
COG0292	J
COG0293	J
COG0313	J
COG0319	J
COG0324	J
COG0333	J
COG0335	J
COG0336	J
COG0343	J
COG0349	J
COG0357	J
COG0359	J
COG0360	J
COG0361	J
COG0423	J
COG0441	J
COG0442	J
COG0445	J
COG0456	J
COG0480	J
COG0481	J
COG0482	J
COG0486	J
COG0495	J
COG0522	J
COG0525	J
COG0532	J
COG0533	J
COG0539	J
COG0564	J
COG0565	J
COG0566	J
COG0585	J
COG0590	J
COG0594	J
COG0595	J
COG0603	J
COG0617	J
COG0621	J
COG0684	J
COG0689	J
COG0721	J
COG0724	J
COG0731	J
COG0742	J
COG0751	J
COG0752	J
COG0779	J
COG0780	J
COG0799	J
COG0802	J
COG0806	J
COG0809	J
COG0820	J
COG0826	J
COG0828	J
COG0858	J
COG1041	J
COG1054	J
COG1092	J
COG1093	J
COG1094	J
COG1103	J
COG1159	J
COG1160	J
COG1161	J
COG1162	J
COG1163	J
COG1179	J
COG1184	J
COG1185	J
COG1186	J
COG1187	J
COG1188	J
COG1189	J
COG1190	J
COG1206	J
COG1214	J
COG1234	J
COG1236	J
COG1243	J
COG1244	J
COG1245	J
COG1258	J
COG1303	J
COG1323	J
COG1341	J
COG1358	J
COG1369	J
COG1370	J
COG1371	J
COG1374	J
COG1383	J
COG1384	J
COG1385	J
COG1399	J
COG1412	J
COG1439	J
COG1444	J
COG1471	J
COG1490	J
COG1498	J
COG1499	J
COG1500	J
COG1503	J
COG1514	J
COG1530	J
COG1534	J
COG1537	J
COG1544	J
COG1549	J
COG1552	J
COG1561	J
COG1571	J
COG1576	J
COG1588	J
COG1590	J
COG1600	J
COG1601	J
COG1603	J
COG1617	J
COG1631	J
COG1632	J
COG1636	J
COG1643	J
COG1650	J
COG1658	J
COG1676	J
COG1690	J
COG1717	J
COG1720	J
COG1723	J
COG1727	J
COG1736	J
COG1738	J
COG1746	J
COG1756	J
COG1798	J
COG1813	J
COG1818	J
COG1825	J
COG1841	J
COG1859	J
COG1867	J
COG1889	J
COG1890	J
COG1901	J
COG1911	J
COG1921	J
COG1939	J
COG1944	J
COG1976	J
COG1990	J
COG1997	J
COG1998	J
COG2001	J
COG2004	J
COG2007	J
COG2016	J
COG2023	J
COG2024	J
COG2042	J
COG2051	J
COG2053	J
COG2058	J
COG2075	J
COG2092	J
COG2097	J
COG2102	J
COG2110	J
COG2117	J
COG2125	J
COG2126	J
COG2136	J
COG2139	J
COG2147	J
COG2157	J
COG2163	J
COG2167	J
COG2168	J
COG2174	J
COG2238	J
COG2260	J
COG2262	J
COG2264	J
COG2265	J
COG2269	J
COG2384	J
COG2419	J
COG2428	J
COG2451	J
COG2501	J
COG2511	J
COG2519	J
COG2520	J
COG2603	J
COG2606	J
COG2813	J
COG2835	J
COG2850	J
COG2867	J
COG2872	J
COG2890	J
COG2892	J
COG2904	J
COG2920	J
COG2923	J
COG2933	J
COG2961	J
COG3028	J
COG3036	J
COG3076	J
COG3078	J
COG3101	J
COG3129	J
COG3130	J
COG3148	J
COG3231	J
COG3270	J
COG3276	J
COG3277	J
COG3481	J
COG3642	J
COG3688	J
COG3719	J
COG4021	J
COG4080	J
COG4108	J
COG4121	J
COG4122	J
COG4123	J
COG4352	J
COG4394	J
COG4445	J
COG4575	J
COG4694	J
COG4725	J
COG4830	J
COG4901	J
COG4919	J
COG4937	J
COG5238	J
COG5256	J
COG5257	J
COG5270	J
COG5271	J
COG5324	J
COG5459	J
COG5758	J C
COG0252	J E
COG0189	J E H Q
COG4708	J F
COG0301	J H
COG0217	J K
COG0816	J K L
COG1208	J M
COG1293	J O
COG1670	J O
COG1899	J O
COG3751	J O
COG0425	J O H
COG1418	J R
COG2404	J T
COG1431	J V
COG3041	J V
COG4088	J V
COG4680	J V
COG0085	K
COG0086	K
COG0195	K
COG0202	K
COG0250	K
COG0557	K
COG0568	K
COG0571	K
COG0583	K
COG0640	K
COG0718	K
COG0781	K
COG0782	K
COG0789	K
COG0864	K
COG1095	K
COG1158	K
COG1191	K
COG1224	K
COG1278	K
COG1308	K
COG1309	K
COG1318	K
COG1321	K
COG1327	K
COG1329	K
COG1356	K
COG1378	K
COG1386	K
COG1395	K
COG1396	K
COG1405	K
COG1414	K
COG1420	K
COG1438	K
COG1460	K
COG1476	K
COG1481	K
COG1497	K
COG1508	K
COG1510	K
COG1522	K
COG1581	K
COG1594	K
COG1595	K
COG1609	K
COG1644	K
COG1654	K
COG1675	K
COG1678	K
COG1693	K
COG1695	K
COG1709	K
COG1725	K
COG1733	K
COG1734	K
COG1737	K
COG1758	K
COG1761	K
COG1777	K
COG1802	K
COG1846	K
COG1937	K
COG1954	K
COG1958	K
COG1959	K
COG1996	K
COG2005	K
COG2012	K
COG2093	K
COG2101	K
COG2183	K
COG2186	K
COG2188	K
COG2207	K
COG2214	K
COG2315	K
COG2344	K
COG2345	K
COG2378	K
COG2390	K
COG2508	K
COG2522	K
COG2524	K
COG2732	K
COG2739	K
COG2771	K
COG2865	K
COG2901	K
COG2909	K
COG2916	K
COG2944	K
COG2964	K
COG2973	K
COG3070	K
COG3160	K
COG3177	K
COG3226	K
COG3284	K
COG3327	K
COG3343	K
COG3355	K
COG3357	K
COG3373	K
COG3388	K
COG3398	K
COG3423	K
COG3432	K
COG3609	K
COG3620	K
COG3629	K
COG3655	K
COG3682	K
COG3695	K
COG3708	K
COG3710	K
COG3711	K
COG3722	K
COG3820	K
COG3831	K
COG3877	K
COG3888	K
COG3901	K
COG3905	K
COG3933	K
COG4008	K
COG4109	K
COG4189	K
COG4190	K
COG4197	K
COG4344	K
COG4463	K
COG4465	K
COG4533	K
COG4568	K
COG4578	K
COG4738	K
COG4742	K
COG4776	K
COG4800	K
COG4860	K
COG4871	K
COG4886	K
COG4888	K
COG4903	K
COG4933	K
COG4941	K
COG4957	K
COG4977	K
COG5108	K
COG5164	K
COG5190	K
COG5304	K
COG5419	K
COG5450	K
COG5625	K
COG5631	K
COG5662	K
COG5665	K
COG2088	K D
COG5811	K D
COG5812	K D
COG5813	K D
COG5814	K D
COG5830	K D
COG5845	K D
COG5850	K D
COG5865	K D
COG5870	K D
COG5905	K D
COG5818	K D O
COG1167	K E
COG3060	K E
COG3283	K E
COG1349	K G
COG1940	K G
COG1827	K H
COG0553	K L
COG1061	K L
COG1197	K L
COG2747	K N
COG0750	K O
COG0454	K R
COG0271	K T
COG0317	K T
COG0745	K T
COG1221	K T
COG1842	K T
COG1974	K T
COG1983	K T
COG2197	K T
COG2208	K T
COG3279	K T
COG3604	K T
COG3706	K T
COG3707	K T
COG3829	K T
COG3835	K T
COG3947	K T
COG4512	K T
COG4565	K T
COG4566	K T
COG4567	K T
COG4650	K T
COG4753	K T
COG4862	K T N
COG2002	K V
COG5503	K V
COG3311	K X
COG5566	K X
COG0122	L
COG0164	L
COG0177	L
COG0178	L
COG0187	L
COG0188	L
COG0210	L
COG0249	L
COG0258	L
COG0266	L
COG0270	L
COG0272	L
COG0305	L
COG0322	L
COG0323	L
COG0328	L
COG0338	L
COG0350	L
COG0353	L
COG0358	L
COG0389	L
COG0415	L
COG0417	L
COG0419	L
COG0420	L
COG0433	L
COG0468	L
COG0470	L
COG0496	L
COG0497	L
COG0507	L
COG0513	L
COG0514	L
COG0550	L
COG0551	L
COG0556	L
COG0587	L
COG0592	L
COG0593	L
COG0608	L
COG0629	L
COG0632	L
COG0648	L
COG0692	L
COG0699	L
COG0708	L
COG0749	L
COG0758	L
COG0776	L
COG0792	L
COG0817	L
COG0827	L
COG0847	L
COG0863	L
COG1039	L
COG1058	L
COG1066	L
COG1074	L
COG1107	L
COG1110	L
COG1111	L
COG1112	L
COG1193	L
COG1194	L
COG1195	L
COG1198	L
COG1199	L
COG1200	L
COG1201	L
COG1202	L
COG1204	L
COG1205	L
COG1241	L
COG1273	L
COG1311	L
COG1322	L
COG1330	L
COG1354	L
COG1381	L
COG1389	L
COG1423	L
COG1466	L
COG1467	L
COG1474	L
COG1484	L
COG1515	L
COG1525	L
COG1533	L
COG1555	L
COG1570	L
COG1573	L
COG1591	L
COG1599	L
COG1602	L
COG1630	L
COG1637	L
COG1697	L
COG1711	L
COG1722	L
COG1743	L
COG1793	L
COG1796	L
COG1933	L
COG1948	L
COG1961	L
COG2003	L
COG2094	L
COG2135	L
COG2169	L
COG2176	L
COG2189	L
COG2219	L
COG2231	L
COG2255	L
COG2256	L
COG2354	L
COG2356	L
COG2406	L
COG2812	L
COG2818	L
COG2827	L
COG2840	L
COG2852	L
COG2887	L
COG2925	L
COG2927	L
COG2946	L
COG2965	L
COG2974	L
COG3022	L
COG3024	L
COG3050	L
COG3057	L
COG3066	L
COG3081	L
COG3120	L
COG3141	L
COG3145	L
COG3214	L
COG3285	L
COG3298	L
COG3390	L
COG3392	L
COG3449	L
COG3569	L
COG3593	L
COG3598	L
COG3611	L
COG3663	L
COG3723	L
COG3727	L
COG3743	L
COG3780	L
COG3857	L
COG3886	L
COG3893	L
COG3923	L
COG3935	L
COG3972	L
COG3973	L
COG4047	L
COG4098	L
COG4199	L
COG4227	L
COG4294	L
COG4335	L
COG4389	L
COG4467	L
COG4570	L
COG4581	L
COG4646	L
COG4712	L
COG4817	L
COG4912	L
COG4973	L
COG4974	L
COG4998	L
COG5055	L
COG5464	L
COG0536	L D
COG5851	L D
COG1860	L F
COG1059	L V
COG0582	L X
COG1372	L X
COG0381	M
COG0392	M
COG0399	M
COG0434	M
COG0438	M
COG0449	M
COG0451	M
COG0463	M
COG0472	M
COG0562	M
COG0586	M
COG0615	M
COG0668	M
COG0677	M
COG0682	M
COG0706	M
COG0707	M
COG0728	M
COG0729	M
COG0739	M
COG0741	M
COG0744	M
COG0759	M
COG0763	M
COG0766	M
COG0767	M
COG0769	M
COG0770	M
COG0771	M
COG0773	M
COG0774	M
COG0787	M
COG0791	M
COG0796	M
COG0797	M
COG0810	M
COG0812	M
COG0815	M
COG0836	M
COG0859	M
COG0860	M
COG1004	M
COG1043	M
COG1044	M
COG1083	M
COG1087	M
COG1088	M
COG1089	M
COG1091	M
COG1127	M
COG1136	M
COG1137	M
COG1207	M
COG1209	M
COG1210	M
COG1212	M
COG1292	M
COG1316	M
COG1346	M
COG1368	M
COG1376	M
COG1388	M
COG1422	M
COG1434	M
COG1442	M
COG1452	M
COG1462	M
COG1463	M
COG1519	M
COG1520	M
COG1538	M
COG1559	M
COG1596	M
COG1619	M
COG1663	M
COG1686	M
COG1696	M
COG1704	M
COG1732	M
COG1794	M
COG1807	M
COG1822	M
COG1835	M
COG1861	M
COG1876	M
COG1898	M
COG1922	M
COG1934	M
COG1970	M
COG2027	M
COG2052	M
COG2089	M
COG2103	M
COG2148	M
COG2173	M
COG2194	M
COG2222	M
COG2244	M
COG2247	M
COG2327	M
COG2348	M
COG2377	M
COG2385	M
COG2815	M
COG2821	M
COG2823	M
COG2829	M
COG2834	M
COG2843	M
COG2845	M
COG2853	M
COG2854	M
COG2859	M
COG2866	M
COG2870	M
COG2877	M
COG2885	M
COG2891	M
COG2908	M
COG2911	M
COG2913	M
COG2949	M
COG2951	M
COG2956	M
COG2980	M
COG2982	M
COG2989	M
COG2995	M
COG3008	M
COG3009	M
COG3017	M
COG3023	M
COG3034	M
COG3040	M
COG3047	M
COG3055	M
COG3064	M
COG3065	M
COG3107	M
COG3113	M
COG3117	M
COG3131	M
COG3133	M
COG3137	M
COG3164	M
COG3203	M
COG3206	M
COG3248	M
COG3254	M
COG3264	M
COG3274	M
COG3306	M
COG3307	M
COG3317	M
COG3409	M
COG3417	M
COG3511	M
COG3524	M
COG3562	M
COG3563	M
COG3637	M
COG3659	M
COG3713	M
COG3754	M
COG3757	M
COG3764	M
COG3765	M
COG3770	M
COG3771	M
COG3772	M
COG3774	M
COG3786	M
COG3875	M
COG3876	M
COG3895	M
COG3932	M
COG3942	M
COG3944	M
COG3955	M
COG3966	M
COG3980	M
COG4092	M
COG4105	M
COG4238	M
COG4282	M
COG4305	M
COG4313	M
COG4421	M
COG4424	M
COG4520	M
COG4571	M
COG4588	M
COG4591	M
COG4775	M
COG4785	M
COG4932	M
COG4952	M
COG4953	M
COG5009	M
COG5337	M
COG5479	M
COG5520	M
COG5577	M
COG5597	M
COG5622	M
COG5632	M
COG0329	M E
COG1286	M F
COG0726	M G
COG0794	M G
COG2943	M G
COG4409	M G
COG4692	M G
COG5039	M G
COG1887	M I
COG3470	M I
COG3967	M I
COG4750	M I
COG0795	M N
COG1705	M N
COG0170	M O
COG1086	M O
COG2825	M O
COG4783	M O
COG1181	M R
COG1778	M R
COG3049	M R
COG4948	M R
COG0597	M U
COG3468	M U
COG4678	M X
COG0084	N
COG1215	N
COG1256	N
COG1261	N
COG1291	N
COG1298	N
COG1315	N
COG1338	N
COG1344	N
COG1345	N
COG1360	N
COG1377	N
COG1406	N
COG1419	N
COG1536	N
COG1558	N
COG1580	N
COG1582	N
COG1677	N
COG1681	N
COG1684	N
COG1699	N
COG1706	N
COG1749	N
COG1815	N
COG1843	N
COG1868	N
COG1955	N
COG1987	N
COG2063	N
COG2874	N
COG2882	N
COG3018	N
COG3144	N
COG3190	N
COG3225	N
COG3334	N
COG3351	N
COG3352	N
COG3353	N
COG3354	N
COG3430	N
COG3539	N
COG3951	N
COG4786	N
COG4787	N
COG5442	N
COG5443	N
COG5581	N
COG5653	N
COG0630	N U
COG1157	N U
COG1317	N U
COG1516	N U
COG1766	N U
COG1886	N U
COG1989	N U
COG3418	N U
COG2805	N W
COG3063	N W
COG3166	N W
COG3167	N W
COG3168	N W
COG3170	N W
COG3188	N W
COG3215	N W
COG3419	N W
COG4726	N W
COG4966	N W
COG4967	N W
COG4968	N W
COG4969	N W
COG4970	N W
COG4972	N W
COG5008	N W
COG1459	N W U
COG2165	N W U
COG2804	N W U
COG0068	O
COG0071	O
COG0225	O
COG0229	O
COG0234	O
COG0265	O
COG0278	O
COG0298	O
COG0309	O
COG0316	O
COG0326	O
COG0330	O
COG0339	O
COG0354	O
COG0375	O
COG0378	O
COG0396	O
COG0397	O
COG0409	O
COG0443	O
COG0459	O
COG0465	O
COG0466	O
COG0484	O
COG0492	O
COG0501	O
COG0526	O
COG0542	O
COG0544	O
COG0545	O
COG0576	O
COG0606	O
COG0616	O
COG0625	O
COG0638	O
COG0641	O
COG0652	O
COG0678	O
COG0691	O
COG0694	O
COG0695	O
COG0705	O
COG0719	O
COG0740	O
COG0755	O
COG0760	O
COG0762	O
COG0793	O
COG0822	O
COG0829	O
COG0830	O
COG0846	O
COG1025	O
COG1026	O
COG1030	O
COG1047	O
COG1067	O
COG1076	O
COG1123	O
COG1180	O
COG1219	O
COG1220	O
COG1222	O
COG1225	O
COG1262	O
COG1266	O
COG1277	O
COG1281	O
COG1287	O
COG1305	O
COG1310	O
COG1382	O
COG1391	O
COG1397	O
COG1404	O
COG1433	O
COG1495	O
COG1572	O
COG1585	O
COG1651	O
COG1703	O
COG1730	O
COG1858	O
COG1928	O
COG1973	O
COG1975	O
COG1994	O
COG1999	O
COG2020	O
COG2039	O
COG2077	O
COG2127	O
COG2137	O
COG2143	O
COG2151	O
COG2166	O
COG2170	O
COG2317	O
COG2322	O
COG2360	O
COG2370	O
COG2371	O
COG2386	O
COG2518	O
COG2738	O
COG2761	O
COG2846	O
COG2856	O
COG2935	O
COG2938	O
COG2969	O
COG2975	O
COG2994	O
COG2999	O
COG3062	O
COG3118	O
COG3187	O
COG3197	O
COG3212	O
COG3227	O
COG3346	O
COG3381	O
COG3389	O
COG3484	O
COG3531	O
COG3555	O
COG3590	O
COG3591	O
COG3640	O
COG3672	O
COG3678	O
COG3785	O
COG3814	O
COG3823	O
COG3824	O
COG3869	O
COG3880	O
COG3897	O
COG3914	O
COG4133	O
COG4232	O
COG4260	O
COG4346	O
COG4412	O
COG4545	O
COG4574	O
COG4826	O
COG4837	O
COG4870	O
COG4875	O
COG4930	O
COG4934	O
COG4935	O
COG5078	O
COG5131	O
COG5160	O
COG5206	O
COG5265	O
COG5272	O
COG5282	O
COG5380	O
COG5387	O
COG5405	O
COG5494	O
COG5513	O
COG5533	O
COG5549	O
COG5550	O
COG5580	O
COG5640	O
COG5661	O
COG5664	O
COG0785	O C
COG1138	O C
COG1333	O C
COG2332	O C
COG2991	O C
COG3058	O C
COG3088	O C
COG3175	O C
COG3336	O C
COG4233	O C
COG4235	O C
COG4846	O C
COG4987	O C
COG4988	O C
COG5774	O C
COG5781	O C
COG2180	O C P
COG2234	O E
COG2355	O E
COG1477	O H
COG5029	O I
COG2924	O P
COG5646	O P
COG0003	P
COG0004	P
COG0025	P
COG0038	P
COG0053	P
COG0155	P
COG0168	P
COG0226	P
COG0288	P
COG0306	P
COG0310	P
COG0370	P
COG0376	P
COG0387	P
COG0390	P
COG0428	P
COG0474	P
COG0475	P
COG0529	P
COG0530	P
COG0555	P
COG0573	P
COG0581	P
COG0598	P
COG0600	P
COG0605	P
COG0607	P
COG0609	P
COG0614	P
COG0659	P
COG0670	P
COG0672	P
COG0704	P
COG0715	P
COG0725	P
COG0730	P
COG0735	P
COG0748	P
COG0753	P
COG0798	P
COG0803	P
COG0855	P
COG0861	P
COG1006	P
COG1055	P
COG1108	P
COG1116	P
COG1117	P
COG1118	P
COG1119	P
COG1121	P
COG1178	P
COG1218	P
COG1226	P
COG1230	P
COG1235	P
COG1276	P
COG1283	P
COG1285	P
COG1320	P
COG1324	P
COG1392	P
COG1393	P
COG1416	P
COG1464	P
COG1496	P
COG1513	P
COG1528	P
COG1553	P
COG1613	P
COG1629	P
COG1633	P
COG1652	P
COG1773	P
COG1814	P
COG1824	P
COG1863	P
COG1910	P
COG1914	P
COG1918	P
COG1930	P
COG1965	P
COG1971	P
COG2032	P
COG2046	P
COG2059	P
COG2060	P
COG2072	P
COG2111	P
COG2116	P
COG2128	P
COG2156	P
COG2193	P
COG2212	P
COG2215	P
COG2216	P
COG2217	P
COG2221	P
COG2223	P
COG2239	P
COG2346	P
COG2372	P
COG2375	P
COG2382	P
COG2403	P
COG2608	P
COG2807	P
COG2822	P
COG2837	P
COG2847	P
COG2895	P
COG2897	P
COG2899	P
COG2906	P
COG2967	P
COG2998	P
COG3025	P
COG3119	P
COG3142	P
COG3158	P
COG3174	P
COG3221	P
COG3230	P
COG3256	P
COG3258	P
COG3301	P
COG3303	P
COG3338	P
COG3350	P
COG3376	P
COG3420	P
COG3443	P
COG3454	P
COG3540	P
COG3546	P
COG3615	P
COG3624	P
COG3625	P
COG3626	P
COG3627	P
COG3638	P
COG3639	P
COG3667	P
COG3685	P
COG3696	P
COG3703	P
COG3720	P
COG3721	P
COG3746	P
COG3781	P
COG3793	P
COG3965	P
COG4097	P
COG4103	P
COG4107	P
COG4114	P
COG4117	P
COG4148	P
COG4149	P
COG4150	P
COG4208	P
COG4263	P
COG4264	P
COG4275	P
COG4300	P
COG4314	P
COG4362	P
COG4521	P
COG4525	P
COG4531	P
COG4535	P
COG4536	P
COG4548	P
COG4558	P
COG4559	P
COG4572	P
COG4592	P
COG4594	P
COG4604	P
COG4605	P
COG4606	P
COG4607	P
COG4615	P
COG4619	P
COG4651	P
COG4662	P
COG4693	P
COG4771	P
COG4772	P
COG4773	P
COG4774	P
COG4778	P
COG4779	P
COG4881	P
COG4985	P
COG4986	P
COG5386	P
COG5446	P
COG5455	P
COG5456	P
COG5478	P
COG5569	P
COG5612	P
COG2146	P Q
COG1122	P R
COG1785	P R
COG3700	P R
COG4100	P R
COG4638	P R
COG0123	Q
COG0179	Q
COG0346	Q
COG0412	Q
COG0424	Q
COG0656	Q
COG1020	Q
COG1021	Q
COG1228	Q
COG1233	Q
COG1535	Q
COG1568	Q
COG1647	Q
COG1942	Q
COG2015	Q
COG2050	Q
COG2162	Q
COG2175	Q
COG2312	Q
COG2318	Q
COG2366	Q
COG2368	Q
COG2514	Q
COG2931	Q
COG2977	Q
COG3127	Q
COG3135	Q
COG3207	Q
COG3208	Q
COG3251	Q
COG3315	Q
COG3319	Q
COG3320	Q
COG3321	Q
COG3384	Q
COG3396	Q
COG3424	Q
COG3435	Q
COG3458	Q
COG3460	Q
COG3473	Q
COG3479	Q
COG3485	Q
COG3486	Q
COG3491	Q
COG3508	Q
COG3527	Q
COG3648	Q
COG3653	Q
COG3670	Q
COG3733	Q
COG3795	Q
COG3805	Q
COG3885	Q
COG3917	Q
COG3960	Q
COG3971	Q
COG4172	Q
COG4174	Q
COG4181	Q
COG4239	Q
COG4308	Q
COG4365	Q
COG4457	Q
COG4458	Q
COG4542	Q
COG4569	Q
COG4647	Q
COG4663	Q
COG4664	Q
COG4665	Q
COG4689	Q
COG4829	Q
COG4869	Q
COG4909	Q
COG4910	Q
COG5285	Q
COG5310	Q
COG5517	Q
COG5554	Q
COG0500	Q R
COG2130	Q R
COG2350	Q R
COG4242	Q R
COG4915	Q R
COG0110	R
COG0121	R
COG0300	R
COG0312	R
COG0384	R
COG0385	R
COG0400	R
COG0429	R
COG0457	R
COG0488	R
COG0491	R
COG0523	R
COG0599	R
COG0612	R
COG0622	R
COG0628	R
COG0645	R
COG0663	R
COG0673	R
COG0679	R
COG0702	R
COG0714	R
COG0727	R
COG0733	R
COG0790	R
COG0857	R
COG1031	R
COG1032	R
COG1033	R
COG1040	R
COG1078	R
COG1084	R
COG1090	R
COG1098	R
COG1099	R
COG1100	R
COG1101	R
COG1106	R
COG1149	R
COG1223	R
COG1237	R
COG1242	R
COG1253	R
COG1255	R
COG1259	R
COG1288	R
COG1297	R
COG1306	R
COG1313	R
COG1326	R
COG1331	R
COG1334	R
COG1342	R
COG1355	R
COG1361	R
COG1365	R
COG1373	R
COG1379	R
COG1380	R
COG1407	R
COG1408	R
COG1411	R
COG1413	R
COG1432	R
COG1451	R
COG1453	R
COG1458	R
COG1461	R
COG1473	R
COG1483	R
COG1491	R
COG1532	R
COG1545	R
COG1563	R
COG1565	R
COG1569	R
COG1574	R
COG1579	R
COG1606	R
COG1610	R
COG1627	R
COG1628	R
COG1645	R
COG1656	R
COG1661	R
COG1665	R
COG1669	R
COG1672	R
COG1673	R
COG1689	R
COG1707	R
COG1708	R
COG1710	R
COG1719	R
COG1724	R
COG1735	R
COG1739	R
COG1741	R
COG1742	R
COG1750	R
COG1752	R
COG1765	R
COG1768	R
COG1779	R
COG1782	R
COG1784	R
COG1800	R
COG1801	R
COG1817	R
COG1831	R
COG1832	R
COG1833	R
COG1836	R
COG1837	R
COG1847	R
COG1852	R
COG1856	R
COG1873	R
COG1875	R
COG1881	R
COG1906	R
COG1913	R
COG1917	R
COG1926	R
COG1931	R
COG1938	R
COG1963	R
COG1978	R
COG1988	R
COG1991	R
COG1992	R
COG2000	R
COG2028	R
COG2044	R
COG2047	R
COG2061	R
COG2070	R
COG2078	R
COG2081	R
COG2085	R
COG2100	R
COG2106	R
COG2118	R
COG2119	R
COG2129	R
COG2144	R
COG2150	R
COG2153	R
COG2158	R
COG2164	R
COG2178	R
COG2179	R
COG2187	R
COG2192	R
COG2248	R
COG2249	R
COG2251	R
COG2261	R
COG2263	R
COG2270	R
COG2302	R
COG2304	R
COG2306	R
COG2308	R
COG2314	R
COG2316	R
COG2319	R
COG2320	R
COG2321	R
COG2331	R
COG2335	R
COG2353	R
COG2358	R
COG2373	R
COG2374	R
COG2380	R
COG2388	R
COG2391	R
COG2401	R
COG2402	R
COG2405	R
COG2409	R
COG2410	R
COG2411	R
COG2413	R
COG2433	R
COG2441	R
COG2445	R
COG2454	R
COG2461	R
COG2503	R
COG2509	R
COG2512	R
COG2516	R
COG2517	R
COG2521	R
COG2605	R
COG2607	R
COG2715	R
COG2718	R
COG2740	R
COG2819	R
COG2824	R
COG2880	R
COG2881	R
COG2886	R
COG2888	R
COG2907	R
COG2910	R
COG2936	R
COG2940	R
COG2945	R
COG2947	R
COG2954	R
COG2959	R
COG2962	R
COG2983	R
COG2984	R
COG2985	R
COG2992	R
COG2996	R
COG3011	R
COG3016	R
COG3021	R
COG3030	R
COG3042	R
COG3044	R
COG3046	R
COG3054	R
COG3091	R
COG3102	R
COG3103	R
COG3128	R
COG3146	R
COG3150	R
COG3153	R
COG3173	R
COG3176	R
COG3178	R
COG3180	R
COG3196	R
COG3204	R
COG3209	R
COG3211	R
COG3218	R
COG3223	R
COG3224	R
COG3233	R
COG3247	R
COG3269	R
COG3273	R
COG3294	R
COG3296	R
COG3313	R
COG3324	R
COG3331	R
COG3332	R
COG3333	R
COG3341	R
COG3342	R
COG3349	R
COG3359	R
COG3360	R
COG3364	R
COG3367	R
COG3368	R
COG3370	R
COG3372	R
COG3375	R
COG3379	R
COG3380	R
COG3382	R
COG3383	R
COG3391	R
COG3393	R
COG3397	R
COG3400	R
COG3401	R
COG3413	R
COG3442	R
COG3450	R
COG3453	R
COG3478	R
COG3488	R
COG3489	R
COG3526	R
COG3529	R
COG3541	R
COG3542	R
COG3545	R
COG3560	R
COG3565	R
COG3568	R
COG3571	R
COG3573	R
COG3576	R
COG3577	R
COG3580	R
COG3581	R
COG3586	R
COG3596	R
COG3607	R
COG3608	R
COG3618	R
COG3621	R
COG3631	R
COG3683	R
COG3687	R
COG3694	R
COG3729	R
COG3752	R
COG3760	R
COG3800	R
COG3809	R
COG3818	R
COG3828	R
COG3864	R
COG3865	R
COG3889	R
COG3899	R
COG3903	R
COG3907	R
COG3910	R
COG3911	R
COG3919	R
COG3926	R
COG3945	R
COG3950	R
COG3952	R
COG3956	R
COG3964	R
COG3969	R
COG3970	R
COG3975	R
COG3976	R
COG3981	R
COG4002	R
COG4007	R
COG4012	R
COG4015	R
COG4020	R
COG4025	R
COG4026	R
COG4028	R
COG4030	R
COG4043	R
COG4049	R
COG4052	R
COG4068	R
COG4070	R
COG4071	R
COG4076	R
COG4087	R
COG4099	R
COG4101	R
COG4112	R
COG4116	R
COG4120	R
COG4127	R
COG4128	R
COG4132	R
COG4134	R
COG4135	R
COG4136	R
COG4137	R
COG4146	R
COG4152	R
COG4158	R
COG4178	R
COG4185	R
COG4186	R
COG4188	R
COG4226	R
COG4240	R
COG4243	R
COG4248	R
COG4249	R
COG4254	R
COG4258	R
COG4261	R
COG4262	R
COG4271	R
COG4276	R
COG4277	R
COG4283	R
COG4285	R
COG4287	R
COG4295	R
COG4299	R
COG4301	R
COG4309	R
COG4310	R
COG4312	R
COG4319	R
COG4321	R
COG4324	R
COG4328	R
COG4339	R
COG4340	R
COG4341	R
COG4345	R
COG4353	R
COG4377	R
COG4405	R
COG4447	R
COG4449	R
COG4454	R
COG4455	R
COG4469	R
COG4492	R
COG4496	R
COG4529	R
COG4551	R
COG4552	R
COG4586	R
COG4587	R
COG4589	R
COG4590	R
COG4627	R
COG4633	R
COG4634	R
COG4636	R
COG4637	R
COG4639	R
COG4645	R
COG4655	R
COG4666	R
COG4671	R
COG4674	R
COG4710	R
COG4740	R
COG4745	R
COG4747	R
COG4754	R
COG4756	R
COG4757	R
COG4759	R
COG4764	R
COG4782	R
COG4784	R
COG4797	R
COG4798	R
COG4801	R
COG4804	R
COG4821	R
COG4825	R
COG4827	R
COG4848	R
COG4849	R
COG4851	R
COG4880	R
COG4882	R
COG4889	R
COG4892	R
COG4900	R
COG4902	R
COG4908	R
COG4914	R
COG4918	R
COG4922	R
COG4923	R
COG4927	R
COG4928	R
COG4938	R
COG4947	R
COG4956	R
COG4976	R
COG4980	R
COG4989	R
COG4990	R
COG4996	R
COG4997	R
COG5014	R
COG5015	R
COG5119	R
COG5207	R
COG5258	R
COG5266	R
COG5275	R
COG5298	R
COG5305	R
COG5306	R
COG5307	R
COG5322	R
COG5342	R
COG5350	R
COG5360	R
COG5378	R
COG5383	R
COG5426	R
COG5431	R
COG5439	R
COG5465	R
COG5476	R
COG5485	R
COG5492	R
COG5493	R
COG5495	R
COG5496	R
COG5504	R
COG5512	R
COG5516	R
COG5519	R
COG5526	R
COG5553	R
COG5571	R
COG5573	R
COG5592	R
COG5595	R
COG5610	R
COG5611	R
COG5617	R
COG5621	R
COG5628	R
COG5643	R
COG5663	R
COG5877	R
COG0393	S
COG0398	S
COG0700	S
COG0701	S
COG1238	S
COG1284	S
COG1289	S
COG1295	S
COG1302	S
COG1340	S
COG1357	S
COG1415	S
COG1417	S
COG1430	S
COG1470	S
COG1504	S
COG1507	S
COG1511	S
COG1512	S
COG1531	S
COG1542	S
COG1547	S
COG1550	S
COG1615	S
COG1649	S
COG1655	S
COG1667	S
COG1671	S
COG1683	S
COG1698	S
COG1714	S
COG1721	S
COG1728	S
COG1745	S
COG1747	S
COG1754	S
COG1755	S
COG1771	S
COG1772	S
COG1790	S
COG1808	S
COG1810	S
COG1811	S
COG1844	S
COG1849	S
COG1851	S
COG1872	S
COG1885	S
COG1888	S
COG1915	S
COG1916	S
COG1935	S
COG1950	S
COG1967	S
COG2006	S
COG2014	S
COG2029	S
COG2034	S
COG2035	S
COG2043	S
COG2083	S
COG2090	S
COG2108	S
COG2121	S
COG2122	S
COG2149	S
COG2155	S
COG2237	S
COG2245	S
COG2259	S
COG2268	S
COG2307	S
COG2311	S
COG2323	S
COG2324	S
COG2343	S
COG2359	S
COG2363	S
COG2364	S
COG2383	S
COG2389	S
COG2412	S
COG2425	S
COG2426	S
COG2427	S
COG2430	S
COG2456	S
COG2457	S
COG2604	S
COG2707	S
COG2733	S
COG2768	S
COG2802	S
COG2830	S
COG2832	S
COG2833	S
COG2836	S
COG2839	S
COG2841	S
COG2855	S
COG2860	S
COG2862	S
COG2868	S
COG2879	S
COG2900	S
COG2922	S
COG2926	S
COG2928	S
COG2952	S
COG2958	S
COG2966	S
COG2968	S
COG2979	S
COG2990	S
COG3012	S
COG3013	S
COG3014	S
COG3019	S
COG3056	S
COG3068	S
COG3071	S
COG3079	S
COG3082	S
COG3084	S
COG3085	S
COG3089	S
COG3092	S
COG3094	S
COG3097	S
COG3098	S
COG3099	S
COG3100	S
COG3108	S
COG3110	S
COG3111	S
COG3112	S
COG3122	S
COG3126	S
COG3132	S
COG3134	S
COG3136	S
COG3139	S
COG3140	S
COG3151	S
COG3152	S
COG3159	S
COG3162	S
COG3169	S
COG3171	S
COG3182	S
COG3184	S
COG3189	S
COG3198	S
COG3205	S
COG3216	S
COG3219	S
COG3220	S
COG3222	S
COG3234	S
COG3235	S
COG3237	S
COG3238	S
COG3242	S
COG3246	S
COG3249	S
COG3268	S
COG3272	S
COG3286	S
COG3291	S
COG3295	S
COG3304	S
COG3305	S
COG3308	S
COG3310	S
COG3318	S
COG3323	S
COG3326	S
COG3330	S
COG3339	S
COG3358	S
COG3361	S
COG3365	S
COG3366	S
COG3369	S
COG3371	S
COG3374	S
COG3377	S
COG3399	S
COG3402	S
COG3403	S
COG3410	S
COG3416	S
COG3422	S
COG3428	S
COG3431	S
COG3439	S
COG3461	S
COG3462	S
COG3463	S
COG3465	S
COG3471	S
COG3472	S
COG3477	S
COG3482	S
COG3487	S
COG3490	S
COG3492	S
COG3494	S
COG3495	S
COG3496	S
COG3502	S
COG3503	S
COG3506	S
COG3528	S
COG3530	S
COG3535	S
COG3536	S
COG3538	S
COG3543	S
COG3544	S
COG3548	S
COG3551	S
COG3552	S
COG3553	S
COG3554	S
COG3556	S
COG3557	S
COG3558	S
COG3564	S
COG3566	S
COG3567	S
COG3575	S
COG3583	S
COG3584	S
COG3589	S
COG3592	S
COG3595	S
COG3597	S
COG3610	S
COG3612	S
COG3619	S
COG3644	S
COG3647	S
COG3650	S
COG3651	S
COG3652	S
COG3656	S
COG3662	S
COG3665	S
COG3671	S
COG3673	S
COG3680	S
COG3686	S
COG3689	S
COG3691	S
COG3692	S
COG3698	S
COG3714	S
COG3726	S
COG3735	S
COG3737	S
COG3738	S
COG3739	S
COG3748	S
COG3749	S
COG3750	S
COG3753	S
COG3755	S
COG3756	S
COG3758	S
COG3759	S
COG3762	S
COG3763	S
COG3766	S
COG3767	S
COG3768	S
COG3776	S
COG3779	S
COG3782	S
COG3784	S
COG3787	S
COG3788	S
COG3789	S
COG3790	S
COG3791	S
COG3792	S
COG3797	S
COG3798	S
COG3801	S
COG3802	S
COG3803	S
COG3804	S
COG3807	S
COG3811	S
COG3812	S
COG3813	S
COG3815	S
COG3816	S
COG3817	S
COG3819	S
COG3821	S
COG3825	S
COG3826	S
COG3837	S
COG3856	S
COG3860	S
COG3861	S
COG3862	S
COG3863	S
COG3871	S
COG3872	S
COG3874	S
COG3878	S
COG3879	S
COG3881	S
COG3883	S
COG3894	S
COG3898	S
COG3900	S
COG3904	S
COG3906	S
COG3908	S
COG3915	S
COG3918	S
COG3921	S
COG3924	S
COG3930	S
COG3943	S
COG3949	S
COG4001	S
COG4003	S
COG4004	S
COG4009	S
COG4010	S
COG4013	S
COG4014	S
COG4022	S
COG4024	S
COG4029	S
COG4031	S
COG4033	S
COG4034	S
COG4044	S
COG4046	S
COG4048	S
COG4050	S
COG4051	S
COG4053	S
COG4065	S
COG4066	S
COG4067	S
COG4069	S
COG4072	S
COG4073	S
COG4075	S
COG4077	S
COG4079	S
COG4081	S
COG4086	S
COG4089	S
COG4090	S
COG4093	S
COG4094	S
COG4102	S
COG4111	S
COG4125	S
COG4129	S
COG4194	S
COG4196	S
COG4198	S
COG4222	S
COG4223	S
COG4224	S
COG4241	S
COG4244	S
COG4245	S
COG4246	S
COG4253	S
COG4255	S
COG4259	S
COG4267	S
COG4269	S
COG4270	S
COG4272	S
COG4273	S
COG4274	S
COG4278	S
COG4279	S
COG4280	S
COG4286	S
COG4288	S
COG4289	S
COG4291	S
COG4292	S
COG4293	S
COG4296	S
COG4297	S
COG4298	S
COG4304	S
COG4306	S
COG4307	S
COG4315	S
COG4316	S
COG4318	S
COG4320	S
COG4322	S
COG4323	S
COG4325	S
COG4327	S
COG4329	S
COG4330	S
COG4331	S
COG4332	S
COG4333	S
COG4334	S
COG4336	S
COG4337	S
COG4338	S
COG4347	S
COG4354	S
COG4357	S
COG4367	S
COG4370	S
COG4371	S
COG4372	S
COG4378	S
COG4380	S
COG4390	S
COG4391	S
COG4393	S
COG4399	S
COG4402	S
COG4408	S
COG4420	S
COG4423	S
COG4425	S
COG4427	S
COG4430	S
COG4443	S
COG4446	S
COG4453	S
COG4456	S
COG4460	S
COG4466	S
COG4470	S
COG4471	S
COG4472	S
COG4475	S
COG4476	S
COG4478	S
COG4479	S
COG4481	S
COG4483	S
COG4485	S
COG4487	S
COG4493	S
COG4495	S
COG4506	S
COG4509	S
COG4517	S
COG4519	S
COG4530	S
COG4538	S
COG4541	S
COG4544	S
COG4549	S
COG4625	S
COG4628	S
COG4640	S
COG4642	S
COG4648	S
COG4649	S
COG4652	S
COG4676	S
COG4681	S
COG4682	S
COG4683	S
COG4684	S
COG4685	S
COG4687	S
COG4688	S
COG4697	S
COG4698	S
COG4699	S
COG4700	S
COG4701	S
COG4702	S
COG4703	S
COG4704	S
COG4705	S
COG4709	S
COG4711	S
COG4713	S
COG4714	S
COG4715	S
COG4716	S
COG4717	S
COG4719	S
COG4727	S
COG4728	S
COG4729	S
COG4731	S
COG4735	S
COG4737	S
COG4739	S
COG4743	S
COG4744	S
COG4746	S
COG4748	S
COG4749	S
COG4752	S
COG4755	S
COG4760	S
COG4762	S
COG4763	S
COG4765	S
COG4768	S
COG4769	S
COG4803	S
COG4805	S
COG4807	S
COG4808	S
COG4811	S
COG4814	S
COG4815	S
COG4818	S
COG4828	S
COG4834	S
COG4835	S
COG4836	S
COG4838	S
COG4840	S
COG4841	S
COG4843	S
COG4844	S
COG4847	S
COG4852	S
COG4854	S
COG4858	S
COG4859	S
COG4861	S
COG4864	S
COG4866	S
COG4867	S
COG4868	S
COG4872	S
COG4873	S
COG4874	S
COG4876	S
COG4877	S
COG4878	S
COG4879	S
COG4883	S
COG4884	S
COG4885	S
COG4887	S
COG4890	S
COG4891	S
COG4893	S
COG4895	S
COG4896	S
COG4897	S
COG4898	S
COG4899	S
COG4904	S
COG4905	S
COG4906	S
COG4907	S
COG4911	S
COG4913	S
COG4916	S
COG4920	S
COG4921	S
COG4924	S
COG4925	S
COG4929	S
COG4939	S
COG4944	S
COG4946	S
COG4949	S
COG4950	S
COG4951	S
COG4954	S
COG4955	S
COG4984	S
COG4991	S
COG4994	S
COG4995	S
COG5011	S
COG5135	S
COG5148	S
COG5255	S
COG5267	S
COG5276	S
COG5293	S
COG5294	S
COG5316	S
COG5317	S
COG5319	S
COG5321	S
COG5328	S
COG5330	S
COG5331	S
COG5338	S
COG5339	S
COG5341	S
COG5345	S
COG5346	S
COG5349	S
COG5351	S
COG5352	S
COG5353	S
COG5373	S
COG5375	S
COG5381	S
COG5388	S
COG5389	S
COG5393	S
COG5395	S
COG5397	S
COG5399	S
COG5400	S
COG5402	S
COG5403	S
COG5410	S
COG5413	S
COG5416	S
COG5418	S
COG5420	S
COG5423	S
COG5425	S
COG5427	S
COG5429	S
COG5435	S
COG5436	S
COG5438	S
COG5445	S
COG5447	S
COG5448	S
COG5449	S
COG5451	S
COG5452	S
COG5453	S
COG5454	S
COG5457	S
COG5458	S
COG5460	S
COG5462	S
COG5463	S
COG5466	S
COG5467	S
COG5468	S
COG5469	S
COG5470	S
COG5472	S
COG5473	S
COG5475	S
COG5477	S
COG5480	S
COG5481	S
COG5482	S
COG5483	S
COG5484	S
COG5486	S
COG5487	S
COG5488	S
COG5489	S
COG5490	S
COG5497	S
COG5500	S
COG5501	S
COG5502	S
COG5505	S
COG5506	S
COG5507	S
COG5508	S
COG5509	S
COG5510	S
COG5514	S
COG5515	S
COG5522	S
COG5523	S
COG5528	S
COG5530	S
COG5532	S
COG5544	S
COG5546	S
COG5547	S
COG5548	S
COG5552	S
COG5556	S
COG5559	S
COG5561	S
COG5563	S
COG5564	S
COG5567	S
COG5568	S
COG5570	S
COG5572	S
COG5578	S
COG5579	S
COG5582	S
COG5583	S
COG5584	S
COG5586	S
COG5587	S
COG5588	S
COG5589	S
COG5591	S
COG5607	S
COG5615	S
COG5618	S
COG5619	S
COG5620	S
COG5626	S
COG5633	S
COG5634	S
COG5637	S
COG5639	S
COG5645	S
COG5649	S
COG5650	S
COG5651	S
COG5652	S
COG5876	S
COG0394	T
COG0467	T
COG0478	T
COG0515	T
COG0517	T
COG0589	T
COG0631	T
COG0639	T
COG0642	T
COG0643	T
COG0664	T
COG0666	T
COG0784	T
COG0835	T
COG0840	T
COG1073	T
COG1217	T
COG1352	T
COG1366	T
COG1409	T
COG1480	T
COG1493	T
COG1524	T
COG1551	T
COG1623	T
COG1624	T
COG1639	T
COG1660	T
COG1666	T
COG1692	T
COG1702	T
COG1716	T
COG1718	T
COG1744	T
COG1774	T
COG1776	T
COG1806	T
COG1854	T
COG1871	T
COG1923	T
COG1993	T
COG2018	T
COG2062	T
COG2112	T
COG2114	T
COG2172	T
COG2184	T
COG2198	T
COG2199	T
COG2200	T
COG2201	T
COG2202	T
COG2203	T
COG2204	T
COG2205	T
COG2206	T
COG2310	T
COG2334	T
COG2339	T
COG2365	T
COG2453	T
COG2469	T
COG2703	T
COG2766	T
COG2770	T
COG2808	T
COG2905	T
COG2912	T
COG2921	T
COG2972	T
COG2976	T
COG3026	T
COG3045	T
COG3072	T
COG3073	T
COG3086	T
COG3106	T
COG3109	T
COG3193	T
COG3213	T
COG3228	T
COG3275	T
COG3287	T
COG3290	T
COG3292	T
COG3300	T
COG3322	T
COG3412	T
COG3434	T
COG3437	T
COG3447	T
COG3448	T
COG3452	T
COG3476	T
COG3480	T
COG3550	T
COG3602	T
COG3603	T
COG3605	T
COG3614	T
COG3641	T
COG3679	T
COG3806	T
COG3830	T
COG3848	T
COG3850	T
COG3851	T
COG3852	T
COG3870	T
COG3887	T
COG3916	T
COG3920	T
COG4191	T
COG4192	T
COG4219	T
COG4250	T
COG4251	T
COG4252	T
COG4398	T
COG4464	T
COG4550	T
COG4564	T
COG4579	T
COG4585	T
COG4758	T
COG4831	T
COG4853	T
COG4856	T
COG4863	T
COG4936	T
COG4943	T
COG4978	T
COG4999	T
COG5000	T
COG5001	T
COG5002	T
COG5007	T
COG5018	T
COG5126	T
COG5212	T
COG5278	T
COG5343	T
COG5385	T
COG5440	T
COG5599	T
COG5616	T
COG5635	T
COG5660	T
COG5750	T
COG5751	T
COG5752	T
COG5524	T C
COG5764	T C
COG5768	T C
COG5780	T C
COG5788	T C
COG5792	T C
COG0347	T E
COG0834	T E
COG0248	T F
COG0618	T F
COG2357	T F
COG1489	T G
COG1751	T G
COG1762	T G
COG1925	T G
COG3925	T G
COG4945	T G
COG0661	T H
COG3083	T M
COG4623	T M
COG3143	T N
COG2844	T O
COG4960	T O
COG0490	T P
COG0569	T P
COG3712	T P
COG3937	T Q
COG5394	T Q
COG1437	T R
COG1713	T R
COG3456	T U
COG3913	T U
COG2915	T X
COG0201	U
COG0341	U
COG0342	U
COG0541	U
COG0552	U
COG0653	U
COG0658	U
COG0681	U
COG0690	U
COG0805	U
COG0811	U
COG0823	U
COG0848	U
COG1096	U
COG1097	U
COG1272	U
COG1314	U
COG1325	U
COG1400	U
COG1450	U
COG1826	U
COG1862	U
COG1952	U
COG2123	U
COG2229	U
COG2257	U
COG2333	U
COG2443	U
COG2831	U
COG2948	U
COG3031	U
COG3114	U
COG3149	U
COG3156	U
COG3157	U
COG3210	U
COG3271	U
COG3297	U
COG3451	U
COG3455	U
COG3504	U
COG3505	U
COG3515	U
COG3516	U
COG3517	U
COG3518	U
COG3519	U
COG3520	U
COG3521	U
COG3522	U
COG3523	U
COG3559	U
COG3701	U
COG3702	U
COG3704	U
COG3736	U
COG3838	U
COG3843	U
COG3846	U
COG3946	U
COG4023	U
COG4083	U
COG4104	U
COG4473	U
COG4499	U
COG4618	U
COG4669	U
COG4789	U
COG4790	U
COG4791	U
COG4792	U
COG4794	U
COG4795	U
COG4796	U
COG5153	U
COG5268	U
COG5407	U
COG5417	U
COG5555	U
COG5613	U
COG4959	U O
COG5036	U P
COG3501	U X R
COG0251	V
COG0286	V
COG0388	V
COG0450	V
COG0494	V
COG0534	V
COG0577	V
COG0610	V
COG0627	V
COG0693	V
COG0732	V
COG0841	V
COG0842	V
COG1002	V
COG1131	V
COG1132	V
COG1133	V
COG1203	V
COG1275	V
COG1332	V
COG1336	V
COG1337	V
COG1343	V
COG1353	V
COG1367	V
COG1401	V
COG1403	V
COG1421	V
COG1468	V
COG1479	V
COG1487	V
COG1517	V
COG1518	V
COG1566	V
COG1567	V
COG1578	V
COG1583	V
COG1598	V
COG1604	V
COG1659	V
COG1680	V
COG1688	V
COG1694	V
COG1700	V
COG1715	V
COG1753	V
COG1764	V
COG1769	V
COG1787	V
COG1848	V
COG1857	V
COG1895	V
COG2026	V
COG2076	V
COG2161	V
COG2250	V
COG2253	V
COG2254	V
COG2274	V
COG2336	V
COG2337	V
COG2361	V
COG2367	V
COG2442	V
COG2602	V
COG2720	V
COG2746	V
COG2810	V
COG2849	V
COG2914	V
COG2929	V
COG3059	V
COG3077	V
COG3093	V
COG3155	V
COG3183	V
COG3309	V
COG3337	V
COG3415	V
COG3421	V
COG3440	V
COG3467	V
COG3510	V
COG3513	V
COG3514	V
COG3549	V
COG3570	V
COG3582	V
COG3587	V
COG3634	V
COG3649	V
COG3657	V
COG3725	V
COG3742	V
COG3744	V
COG3853	V
COG3896	V
COG4006	V
COG4096	V
COG4110	V
COG4113	V
COG4115	V
COG4118	V
COG4167	V
COG4168	V
COG4170	V
COG4171	V
COG4200	V
COG4257	V
COG4268	V
COG4343	V
COG4374	V
COG4403	V
COG4452	V
COG4461	V
COG4691	V
COG4734	V
COG4767	V
COG4823	V
COG4842	V
COG4845	V
COG5340	V
COG5428	V
COG5441	V
COG5444	V
COG5499	V
COG5551	V
COG5606	V
COG5608	V
COG5642	V
COG5654	V
COG5658	V
COG5930	V
COG5931	V
COG5932	V
COG5933	V
COG5934	V
COG5935	V
COG5936	V
COG5937	V
COG5938	V
COG5939	V
COG5940	V
COG5941	V
COG5942	V
COG5943	V
COG5944	V
COG5945	V
COG5946	V
COG5947	V
COG5948	V
COG5949	V
COG5950	V
COG0737	V F
COG0756	V F
COG1986	V F
COG2258	V F
COG3217	V F
COG1912	V H
COG3236	V H
COG0386	V I
COG0845	V M
COG3015	V M
COG0783	V P
COG2124	V Q
COG1956	V T
COG4832	V T
COG4679	V X
COG2064	W
COG3121	W
COG5430	W
COG5461	W
COG1855	W U
COG3267	W U
COG3745	W U
COG3847	W U
COG4961	W U
COG4962	W U
COG4963	W U
COG4964	W U
COG4965	W U
COG5010	W U
COG5295	W U
COG0675	X
COG1662	X
COG1783	X
COG1943	X
COG2369	X
COG2452	X
COG2801	X
COG2826	X
COG2842	X
COG2932	X
COG2963	X
COG3039	X
COG3293	X
COG3299	X
COG3316	X
COG3328	X
COG3335	X
COG3344	X
COG3378	X
COG3385	X
COG3436	X
COG3464	X
COG3466	X
COG3497	X
COG3498	X
COG3499	X
COG3500	X
COG3547	X
COG3561	X
COG3600	X
COG3617	X
COG3628	X
COG3636	X
COG3645	X
COG3646	X
COG3654	X
COG3666	X
COG3668	X
COG3676	X
COG3677	X
COG3728	X
COG3740	X
COG3747	X
COG3778	X
COG3941	X
COG3948	X
COG3953	X
COG4195	X
COG4220	X
COG4228	X
COG4342	X
COG4373	X
COG4379	X
COG4381	X
COG4382	X
COG4383	X
COG4384	X
COG4385	X
COG4386	X
COG4387	X
COG4388	X
COG4396	X
COG4397	X
COG4416	X
COG4422	X
COG4474	X
COG4518	X
COG4537	X
COG4540	X
COG4584	X
COG4626	X
COG4643	X
COG4644	X
COG4653	X
COG4672	X
COG4675	X
COG4695	X
COG4707	X
COG4718	X
COG4722	X
COG4723	X
COG4733	X
COG4824	X
COG4926	X
COG4940	X
COG4983	X
COG5003	X
COG5004	X
COG5005	X
COG5280	X
COG5281	X
COG5283	X
COG5301	X
COG5302	X
COG5314	X
COG5323	X
COG5361	X
COG5362	X
COG5377	X
COG5412	X
COG5421	X
COG5433	X
COG5437	X
COG5471	X
COG5511	X
COG5518	X
COG5525	X
COG5527	X
COG5529	X
COG5534	X
COG5545	X
COG5558	X
COG5562	X
COG5565	X
COG5585	X
COG5614	X
COG5655	X
COG5659	X
COG1664	Z
COG5023	Z
COG5277	Z